"","Industry","Month","Seasonally Adjusted","Non-Seasonally Adjusted","diff"
"1","Education and Health Services",2023-03-01,257703.815078625,262100,4396.18492137504
"2","Education and Health Services",2023-02-01,256002.450681566,260400,4397.54931843397
"3","Education and Health Services",2023-01-01,255008.109087376,251000,-4008.10908737601
"4","Education and Health Services",2022-12-01,254506.160471951,257000,2493.83952804899
"5","Education and Health Services",2022-11-01,253589.087269292,259000,5410.91273070799
"6","Education and Health Services",2022-10-01,252725.629277632,257700,4974.37072236801
"7","Education and Health Services",2022-09-01,251748.308718439,251000,-748.308718438988
"8","Education and Health Services",2022-08-01,251343.774119089,242700,-8643.77411908901
"9","Education and Health Services",2022-07-01,249281.829166087,239500,-9781.829166087
"10","Education and Health Services",2022-06-01,243771.011322728,236800,-6971.01132272801
"11","Education and Health Services",2022-05-01,243360.966458498,245800,2439.03354150199
"12","Education and Health Services",2022-04-01,242705.25800892,249100,6394.74199107999
"13","Education and Health Services",2022-03-01,240946.309565766,244900,3953.69043423401
"14","Education and Health Services",2022-02-01,240598.755095016,244900,4301.24490498399
"15","Education and Health Services",2022-01-01,239364.964591224,235600,-3764.96459122401
"16","Education and Health Services",2021-12-01,239536.439522013,242100,2563.56047798699
"17","Education and Health Services",2021-11-01,238209.515590419,243300,5090.484409581
"18","Education and Health Services",2021-10-01,237702.036805723,242300,4597.96319427699
"19","Education and Health Services",2021-09-01,236022.061432953,235400,-622.061432952993
"20","Education and Health Services",2021-08-01,235610.25041479,227300,-8310.25041479
"21","Education and Health Services",2021-07-01,235171.192577783,226200,-8971.19257778299
"22","Education and Health Services",2021-06-01,234463.393964471,227800,-6663.393964471
"23","Education and Health Services",2021-05-01,233751.427569143,235900,2148.57243085699
"24","Education and Health Services",2021-04-01,232279.435773684,238200,5920.564226316
"25","Education and Health Services",2021-03-01,232814.111269459,236500,3685.88873054099
"26","Education and Health Services",2021-02-01,227629.578709932,231900,4270.42129006801
"27","Education and Health Services",2021-01-01,230283.624322826,228100,-2183.62432282601
"28","Education and Health Services",2020-12-01,228966.266961187,230300,1333.73303881299
"29","Education and Health Services",2020-11-01,229662.141382097,234500,4837.858617903
"30","Education and Health Services",2020-10-01,228645.83626285,232900,4254.16373715
"31","Education and Health Services",2020-09-01,229189.332620615,228800,-389.332620614994
"32","Education and Health Services",2020-08-01,229784.24598769,221300,-8484.24598769
"33","Education and Health Services",2020-07-01,229888.972608116,221200,-8688.97260811599
"34","Education and Health Services",2020-06-01,229469.769207923,222800,-6669.769207923
"35","Education and Health Services",2020-05-01,225564.885098593,227200,1635.11490140701
"36","Education and Health Services",2020-04-01,225631.970160021,231200,5568.02983997899
"37","Education and Health Services",2020-03-01,244185.102331504,247800,3614.89766849601
"38","Education and Health Services",2020-02-01,245691.604643888,250600,4908.39535611201
"39","Education and Health Services",2020-01-01,245875.554035534,243300,-2575.55403553401
"40","Education and Health Services",2019-12-01,244854.5963015,247800,2945.40369850001
"41","Education and Health Services",2019-11-01,244390.790806185,249800,5409.20919381501
"42","Education and Health Services",2019-10-01,244139.578570909,249000,4860.42142909099
"43","Education and Health Services",2019-09-01,243675.089567008,243700,24.9104329920083
"44","Education and Health Services",2019-08-01,242647.880143252,233200,-9447.880143252
"45","Education and Health Services",2019-07-01,241886.928214986,232600,-9286.92821498599
"46","Education and Health Services",2019-06-01,242736.646911496,235200,-7536.64691149601
"47","Education and Health Services",2019-05-01,242404.759300977,243600,1195.24069902301
"48","Education and Health Services",2019-04-01,242085.691708881,247800,5714.308291119
"49","Education and Health Services",2019-03-01,242006.268507974,245400,3393.73149202601
"50","Education and Health Services",2019-02-01,240696.834632769,245500,4803.16536723101
"51","Education and Health Services",2019-01-01,241151.728693045,239900,-1251.72869304501
"52","Education and Health Services",2018-12-01,240617.248678486,242900,2282.75132151399
"53","Education and Health Services",2018-11-01,240353.968915624,245800,5446.03108437601
"54","Education and Health Services",2018-10-01,240738.256845482,245800,5061.74315451799
"55","Education and Health Services",2018-09-01,240002.042339076,240500,497.957660924003
"56","Education and Health Services",2018-08-01,239265.122357871,229700,-9565.12235787101
"57","Education and Health Services",2018-07-01,238268.636445518,229400,-8868.636445518
"58","Education and Health Services",2018-06-01,237696.631884648,229900,-7796.631884648
"59","Education and Health Services",2018-05-01,236656.271000399,237400,743.728999601008
"60","Education and Health Services",2018-04-01,235887.147401443,241300,5412.85259855699
"61","Education and Health Services",2018-03-01,235473.054287256,238700,3226.945712744
"62","Education and Health Services",2018-02-01,235226.61044717,240100,4873.38955282999
"63","Education and Health Services",2018-01-01,234101.087903006,232800,-1301.087903006
"64","Education and Health Services",2017-12-01,234666.27762542,237400,2733.72237457999
"65","Education and Health Services",2017-11-01,232996.53911339,238300,5303.46088661
"66","Education and Health Services",2017-10-01,231615.567611261,236400,4784.43238873899
"67","Education and Health Services",2017-09-01,231618.544178789,232200,581.455821211013
"68","Education and Health Services",2017-08-01,230352.382699329,220800,-9552.382699329
"69","Education and Health Services",2017-07-01,230575.861497546,222300,-8275.86149754599
"70","Education and Health Services",2017-06-01,228833.699509471,221000,-7833.69950947099
"71","Education and Health Services",2017-05-01,229017.931325594,229500,482.068674406008
"72","Education and Health Services",2017-04-01,228604.62046536,233900,5295.37953464
"73","Education and Health Services",2017-03-01,228720.90487123,231800,3079.09512876999
"74","Education and Health Services",2017-02-01,228147.206120475,233000,4852.79387952501
"75","Education and Health Services",2017-01-01,227959.185629626,226300,-1659.18562962601
"76","Education and Health Services",2016-12-01,226657.27428871,229700,3042.72571129
"77","Education and Health Services",2016-11-01,226314.275530993,231500,5185.72446900699
"78","Education and Health Services",2016-10-01,226186.16306402,230900,4713.83693598001
"79","Education and Health Services",2016-09-01,226477.320995719,227000,522.679004281003
"80","Education and Health Services",2016-08-01,225109.262098578,215700,-9409.26209857801
"81","Education and Health Services",2016-07-01,224554.860706484,216800,-7754.860706484
"82","Education and Health Services",2016-06-01,223279.713543821,215800,-7479.71354382101
"83","Education and Health Services",2016-05-01,222731.238800675,223200,468.761199325003
"84","Education and Health Services",2016-04-01,222335.26902532,227700,5364.73097467999
"85","Education and Health Services",2016-03-01,220931.111863258,223800,2868.888136742
"86","Education and Health Services",2016-02-01,220376.474184299,225100,4723.525815701
"87","Education and Health Services",2016-01-01,219700.296334911,218800,-900.296334910992
"88","Education and Health Services",2015-12-01,219237.013703518,221300,2062.98629648201
"89","Education and Health Services",2015-11-01,219020.81621721,224000,4979.18378279
"90","Education and Health Services",2015-10-01,218423.574925924,222900,4476.42507407599
"91","Education and Health Services",2015-09-01,217053.368903576,217100,46.631096424011
"92","Education and Health Services",2015-08-01,217303.785492086,208000,-9303.785492086
"93","Education and Health Services",2015-07-01,217325.483228432,209800,-7525.48322843199
"94","Education and Health Services",2015-06-01,217497.332659986,210400,-7097.33265998599
"95","Education and Health Services",2015-05-01,216728.54227181,217200,471.457728189998
"96","Education and Health Services",2015-04-01,216532.405063136,221900,5367.59493686401
"97","Education and Health Services",2015-03-01,216239.901837424,219100,2860.098162576
"98","Education and Health Services",2015-02-01,216098.725664924,220900,4801.27433507601
"99","Education and Health Services",2015-01-01,215682.78877456,214500,-1182.78877456
"100","Finance and Insurance",2023-03-01,47510.4148012429,47200,-310.4148012429
"101","Finance and Insurance",2023-02-01,47449.7557375823,47000,-449.755737582302
"102","Finance and Insurance",2023-01-01,47618.2065624296,47200,-418.206562429601
"103","Finance and Insurance",2022-12-01,47664.8544382075,47700,35.1455617925021
"104","Finance and Insurance",2022-11-01,47608.5554991955,47700,91.4445008045004
"105","Finance and Insurance",2022-10-01,47589.8802605192,47700,110.119739480797
"106","Finance and Insurance",2022-09-01,47468.6086493862,47400,-68.6086493862022
"107","Finance and Insurance",2022-08-01,47343.683837767,47900,556.316162233001
"108","Finance and Insurance",2022-07-01,47104.8832303971,47700,595.116769602901
"109","Finance and Insurance",2022-06-01,46883.1352281979,47000,116.864771802102
"110","Finance and Insurance",2022-05-01,46757.8631614086,46600,-157.863161408597
"111","Finance and Insurance",2022-04-01,46488.8957493198,46400,-88.8957493198031
"112","Finance and Insurance",2022-03-01,46182.9037422828,45900,-282.903742282797
"113","Finance and Insurance",2022-02-01,45972.5961433752,45600,-372.596143375202
"114","Finance and Insurance",2022-01-01,45598.7802284862,45200,-398.780228486197
"115","Finance and Insurance",2021-12-01,45406.2041662989,45400,-6.20416629889951
"116","Finance and Insurance",2021-11-01,45258.6746871289,45300,41.3253128711003
"117","Finance and Insurance",2021-10-01,44958.7233248344,45000,41.2766751656018
"118","Finance and Insurance",2021-09-01,44598.0943813308,44500,-98.0943813307968
"119","Finance and Insurance",2021-08-01,44421.1512949514,44900,478.8487050486
"120","Finance and Insurance",2021-07-01,44130.148701386,44700,569.851298613998
"121","Finance and Insurance",2021-06-01,43851.8472491481,44000,148.152750851899
"122","Finance and Insurance",2021-05-01,43537.2598544499,43400,-137.259854449898
"123","Finance and Insurance",2021-04-01,43360.9757893065,43300,-60.9757893065034
"124","Finance and Insurance",2021-03-01,43229.8309126848,43000,-229.830912684803
"125","Finance and Insurance",2021-02-01,42958.3900523677,42700,-258.3900523677
"126","Finance and Insurance",2021-01-01,42714.478530937,42400,-314.478530936998
"127","Finance and Insurance",2020-12-01,41725.53887083,41700,-25.5388708300015
"128","Finance and Insurance",2020-11-01,41525.2312827245,41500,-25.2312827244969
"129","Finance and Insurance",2020-10-01,41444.0296678184,41400,-44.0296678184022
"130","Finance and Insurance",2020-09-01,41424.6930090433,41300,-124.693009043302
"131","Finance and Insurance",2020-08-01,41211.5589471499,41600,388.441052850103
"132","Finance and Insurance",2020-07-01,41277.2217136699,41800,522.778286330104
"133","Finance and Insurance",2020-06-01,41107.8799861216,41300,192.120013878397
"134","Finance and Insurance",2020-05-01,41206.0965142347,41100,-106.096514234698
"135","Finance and Insurance",2020-04-01,41362.5995910325,41300,-62.5995910325
"136","Finance and Insurance",2020-03-01,43137.3522942267,42900,-237.352294226701
"137","Finance and Insurance",2020-02-01,43197.5681357389,43000,-197.568135738897
"138","Finance and Insurance",2020-01-01,43244.9734476878,43000,-244.9734476878
"139","Finance and Insurance",2019-12-01,43244.8404710116,43200,-44.840471011601
"140","Finance and Insurance",2019-11-01,43165.1878811479,43100,-65.1878811478964
"141","Finance and Insurance",2019-10-01,43105.6968808958,43000,-105.696880895797
"142","Finance and Insurance",2019-09-01,43043.460795171,42900,-143.460795170999
"143","Finance and Insurance",2019-08-01,43099.6228481368,43500,400.377151863198
"144","Finance and Insurance",2019-07-01,43156.5402720254,43700,543.459727974601
"145","Finance and Insurance",2019-06-01,43186.4558533969,43500,313.544146603097
"146","Finance and Insurance",2019-05-01,43171.279903996,43100,-71.2799039960009
"147","Finance and Insurance",2019-04-01,43011.830352962,42900,-111.830352962003
"148","Finance and Insurance",2019-03-01,42981.244525707,42700,-281.244525706999
"149","Finance and Insurance",2019-02-01,42982.3295955726,42800,-182.329595572599
"150","Finance and Insurance",2019-01-01,42925.0895211849,42700,-225.089521184898
"151","Finance and Insurance",2018-12-01,42689.8862671809,42600,-89.8862671808965
"152","Finance and Insurance",2018-11-01,42696.8340241901,42600,-96.8340241901024
"153","Finance and Insurance",2018-10-01,42632.1199855788,42500,-132.1199855788
"154","Finance and Insurance",2018-09-01,42620.0039125461,42500,-120.003912546097
"155","Finance and Insurance",2018-08-01,42577.8473363624,43000,422.1526636376
"156","Finance and Insurance",2018-07-01,42480.3690582053,43000,519.630941794698
"157","Finance and Insurance",2018-06-01,42507.3598359055,42900,392.640164094497
"158","Finance and Insurance",2018-05-01,42247.0450313233,42200,-47.0450313233014
"159","Finance and Insurance",2018-04-01,42146.6901210153,42000,-146.690121015301
"160","Finance and Insurance",2018-03-01,41996.6703588255,41700,-296.670358825497
"161","Finance and Insurance",2018-02-01,41988.7015220151,41800,-188.701522015101
"162","Finance and Insurance",2018-01-01,41934.4816077487,41700,-234.481607748698
"163","Finance and Insurance",2017-12-01,41789.0357297934,41700,-89.0357297934024
"164","Finance and Insurance",2017-11-01,41691.8591838508,41600,-91.8591838508
"165","Finance and Insurance",2017-10-01,41736.883718131,41600,-136.883718131001
"166","Finance and Insurance",2017-09-01,41692.7919165796,41600,-92.7919165795975
"167","Finance and Insurance",2017-08-01,41570.3441877384,42000,429.655812261597
"168","Finance and Insurance",2017-07-01,41522.3869612884,42000,477.613038711599
"169","Finance and Insurance",2017-06-01,41496.8068500889,41900,403.193149911102
"170","Finance and Insurance",2017-05-01,41533.2732595092,41500,-33.273259509202
"171","Finance and Insurance",2017-04-01,41445.3121264853,41300,-145.312126485303
"172","Finance and Insurance",2017-03-01,41696.891094631,41400,-296.891094630999
"173","Finance and Insurance",2017-02-01,41709.176746798,41500,-209.176746798003
"174","Finance and Insurance",2017-01-01,41770.8990835864,41500,-270.899083586402
"175","Finance and Insurance",2016-12-01,41972.1041628249,41900,-72.1041628249004
"176","Finance and Insurance",2016-11-01,42189.8094998052,42100,-89.8094998051965
"177","Finance and Insurance",2016-10-01,42168.1329194455,42000,-168.132919445503
"178","Finance and Insurance",2016-09-01,42309.6221113243,42200,-109.622111324301
"179","Finance and Insurance",2016-08-01,42460.4695562296,42900,439.530443770404
"180","Finance and Insurance",2016-07-01,42421.1306766796,42900,478.869323320403
"181","Finance and Insurance",2016-06-01,42567.0265059802,43000,432.973494019803
"182","Finance and Insurance",2016-05-01,42589.610666784,42600,10.3893332160005
"183","Finance and Insurance",2016-04-01,42683.5627613843,42600,-83.5627613843026
"184","Finance and Insurance",2016-03-01,42585.1058313366,42300,-285.105831336601
"185","Finance and Insurance",2016-02-01,42610.2439293133,42400,-210.243929313299
"186","Finance and Insurance",2016-01-01,42576.6477558499,42300,-276.647755849903
"187","Finance and Insurance",2015-12-01,42558.907163954,42500,-58.907163953998
"188","Finance and Insurance",2015-11-01,42419.3143090116,42300,-119.314309011599
"189","Finance and Insurance",2015-10-01,42407.368569456,42200,-207.368569455997
"190","Finance and Insurance",2015-09-01,42350.8186579308,42200,-150.818657930802
"191","Finance and Insurance",2015-08-01,42299.1507530732,42700,400.849246926802
"192","Finance and Insurance",2015-07-01,42334.5276406652,42800,465.472359334803
"193","Finance and Insurance",2015-06-01,42274.3491652201,42700,425.650834779903
"194","Finance and Insurance",2015-05-01,42273.5494487269,42300,26.4505512730975
"195","Finance and Insurance",2015-04-01,42243.7446952051,42200,-43.7446952051032
"196","Finance and Insurance",2015-03-01,42172.1661364837,41900,-272.166136483698
"197","Finance and Insurance",2015-02-01,42102.1752061744,41900,-202.175206174397
"198","Finance and Insurance",2015-01-01,42063.6117014266,41800,-263.611701426598
"199","Information",2023-03-01,16654.7008602146,16500,-154.700860214602
"200","Information",2023-02-01,16624.6484214492,16500,-124.648421449201
"201","Information",2023-01-01,16695.2859535552,16600,-95.2859535552016
"202","Information",2022-12-01,16648.3230042842,16700,51.6769957157994
"203","Information",2022-11-01,16571.1853030744,16700,128.814696925601
"204","Information",2022-10-01,16413.9774105947,16500,86.0225894053001
"205","Information",2022-09-01,16654.6393129519,16700,45.3606870481017
"206","Information",2022-08-01,16579.2019803964,16700,120.798019603601
"207","Information",2022-07-01,16606.3758481494,16800,193.624151850599
"208","Information",2022-06-01,16403.551564147,16400,-3.55156414700105
"209","Information",2022-05-01,16374.5398169931,16200,-174.5398169931
"210","Information",2022-04-01,16374.7541736174,16300,-74.7541736174007
"211","Information",2022-03-01,16350.2185135818,16200,-150.2185135818
"212","Information",2022-02-01,16219.7690003122,16100,-119.769000312199
"213","Information",2022-01-01,16243.2078561472,16200,-43.2078561472008
"214","Information",2021-12-01,16301.9238289177,16300,-1.92382891769921
"215","Information",2021-11-01,15181.9502449518,15300,118.0497550482
"216","Information",2021-10-01,12034.4254043502,12100,65.5745956497994
"217","Information",2021-09-01,12170.0971183027,12200,29.9028816973005
"218","Information",2021-08-01,12014.2053132493,12100,85.7946867506998
"219","Information",2021-07-01,11963.3367984426,12100,136.6632015574
"220","Information",2021-06-01,11600.298801002,11600,-0.298801001999891
"221","Information",2021-05-01,11621.9614022569,11500,-121.9614022569
"222","Information",2021-04-01,11651.7538791943,11600,-51.7538791943007
"223","Information",2021-03-01,11706.1331404314,11600,-106.133140431401
"224","Information",2021-02-01,11683.6391845905,11600,-83.6391845905
"225","Information",2021-01-01,11667.7011855308,11500,-167.701185530799
"226","Information",2020-12-01,15027.5675481953,15200,172.4324518047
"227","Information",2020-11-01,15084.4224930046,15200,115.5775069954
"228","Information",2020-10-01,15115.5536849153,15200,84.4463150847005
"229","Information",2020-09-01,14872.4500919914,14900,27.5499080085992
"230","Information",2020-08-01,14898.6716697639,15000,101.3283302361
"231","Information",2020-07-01,14835.7819167026,15000,164.218083297401
"232","Information",2020-06-01,14891.2059173539,14900,8.79408264609992
"233","Information",2020-05-01,15051.0007814634,14900,-151.000781463399
"234","Information",2020-04-01,15062.8100872476,15000,-62.8100872476007
"235","Information",2020-03-01,16245.0457897287,16100,-145.045789728698
"236","Information",2020-02-01,16313.5195100974,16200,-113.5195100974
"237","Information",2020-01-01,16247.1929618114,16200,-47.1929618114009
"238","Information",2019-12-01,15807.036144264,15800,-7.03614426400054
"239","Information",2019-11-01,15782.0703955368,15900,117.929604463199
"240","Information",2019-10-01,15311.5237809586,15400,88.4762190414003
"241","Information",2019-09-01,15378.7268605583,15400,21.2731394417006
"242","Information",2019-08-01,15298.4721841939,15400,101.527815806099
"243","Information",2019-07-01,15234.5330187723,15400,165.466981227701
"244","Information",2019-06-01,15079.4386674002,15100,20.5613325998002
"245","Information",2019-05-01,14641.0020727238,14500,-141.002072723801
"246","Information",2019-04-01,14459.335589982,14400,-59.3355899819999
"247","Information",2019-03-01,14126.4181640598,14000,-126.4181640598
"248","Information",2019-02-01,13999.3713261072,13900,-99.3713261072007
"249","Information",2019-01-01,13909.6267501453,13700,-209.6267501453
"250","Information",2018-12-01,13745.3494737774,13900,154.6505262226
"251","Information",2018-11-01,13701.1294657118,13800,98.8705342882004
"252","Information",2018-10-01,13715.3894497222,13800,84.6105502777991
"253","Information",2018-09-01,13486.3158193244,13500,13.6841806756001
"254","Information",2018-08-01,13314.5331154073,13400,85.4668845927008
"255","Information",2018-07-01,13360.8417739005,13500,139.1582260995
"256","Information",2018-06-01,13375.3164194153,13400,24.6835805847004
"257","Information",2018-05-01,13323.3023280002,13200,-123.3023280002
"258","Information",2018-04-01,13252.9173441602,13200,-52.9173441601997
"259","Information",2018-03-01,13214.8249979097,13100,-114.8249979097
"260","Information",2018-02-01,13193.162251592,13100,-93.1622515920008
"261","Information",2018-01-01,12960.2750209022,12800,-160.2750209022
"262","Information",2017-12-01,12993.0563323522,13100,106.9436676478
"263","Information",2017-11-01,12809.604165307,12900,90.3958346929994
"264","Information",2017-10-01,12915.9665266886,13000,84.0334733113996
"265","Information",2017-09-01,12388.9522455722,12400,11.0477544278001
"266","Information",2017-08-01,12519.7851429635,12600,80.2148570365007
"267","Information",2017-07-01,12276.2426278302,12400,123.757372169801
"268","Information",2017-06-01,12573.7829044969,12600,26.2170955030997
"269","Information",2017-05-01,12513.409599259,12400,-113.409599258999
"270","Information",2017-04-01,12249.300604513,12200,-49.3006045130005
"271","Information",2017-03-01,12103.3086181179,12000,-103.308618117901
"272","Information",2017-02-01,12087.4399208434,12000,-87.4399208434006
"273","Information",2017-01-01,11978.342256411,11900,-78.3422564110006
"274","Information",2016-12-01,12076.6965489689,12100,23.3034510311008
"275","Information",2016-11-01,12017.5287575181,12100,82.4712424819008
"276","Information",2016-10-01,12021.2185122526,12100,78.7814877473993
"277","Information",2016-09-01,11986.3070693583,12000,13.6929306417005
"278","Information",2016-08-01,11921.2648209071,12000,78.7351790929006
"279","Information",2016-07-01,11880.503129861,12000,119.496870139001
"280","Information",2016-06-01,11775.183414446,11800,24.8165855539992
"281","Information",2016-05-01,10798.76927284,10700,-98.7692728399998
"282","Information",2016-04-01,11747.3702170392,11700,-47.3702170392007
"283","Information",2016-03-01,11695.9065603069,11600,-95.9065603068993
"284","Information",2016-02-01,11685.2269253672,11600,-85.2269253672002
"285","Information",2016-01-01,11788.6533276959,11600,-188.6533276959
"286","Information",2015-12-01,11767.3976211702,11900,132.602378829801
"287","Information",2015-11-01,11722.1007759314,11800,77.8992240686002
"288","Information",2015-10-01,11725.1130178008,11800,74.8869821991993
"289","Information",2015-09-01,11884.3201221041,11900,15.6798778959001
"290","Information",2015-08-01,11821.0457754005,11900,78.9542245994999
"291","Information",2015-07-01,11781.1553196264,11900,118.844680373601
"292","Information",2015-06-01,11774.984459841,11800,25.015540159
"293","Information",2015-05-01,11707.624929981,11600,-107.624929981001
"294","Information",2015-04-01,11746.0768474586,11700,-46.0768474586002
"295","Information",2015-03-01,11892.1748565057,11800,-92.1748565057005
"296","Information",2015-02-01,11684.0098279733,11600,-84.0098279732993
"297","Information",2015-01-01,11523.3301223156,11400,-123.3301223156
"298","Leisure and Hospitality",2023-03-01,75844.9756309418,73600,-2244.9756309418
"299","Leisure and Hospitality",2023-02-01,74776.4140087127,71100,-3676.4140087127
"300","Leisure and Hospitality",2023-01-01,72895.5576932404,69000,-3895.55769324039
"301","Leisure and Hospitality",2022-12-01,70220.6653202139,70400,179.334679786101
"302","Leisure and Hospitality",2022-11-01,70784.9038163535,71900,1115.0961836465
"303","Leisure and Hospitality",2022-10-01,68215.1914033651,71000,2784.8085966349
"304","Leisure and Hospitality",2022-09-01,71008.8798079409,73100,2091.1201920591
"305","Leisure and Hospitality",2022-08-01,70061.3330738265,70600,538.666926173493
"306","Leisure and Hospitality",2022-07-01,69966.5969720723,70100,133.403027927707
"307","Leisure and Hospitality",2022-06-01,69552.1157206678,70800,1247.8842793322
"308","Leisure and Hospitality",2022-05-01,68751.0245336572,70000,1248.9754663428
"309","Leisure and Hospitality",2022-04-01,67997.3699580132,68700,702.630041986806
"310","Leisure and Hospitality",2022-03-01,67155.6673142158,64800,-2355.6673142158
"311","Leisure and Hospitality",2022-02-01,66119.298097555,61700,-4419.298097555
"312","Leisure and Hospitality",2022-01-01,65484.8144742101,61700,-3784.8144742101
"313","Leisure and Hospitality",2021-12-01,64931.0506998207,65000,68.9493001793016
"314","Leisure and Hospitality",2021-11-01,63574.0993002999,64800,1225.9006997001
"315","Leisure and Hospitality",2021-10-01,61815.056262567,64600,2784.94373743299
"316","Leisure and Hospitality",2021-09-01,60530.0459608377,62400,1869.9540391623
"317","Leisure and Hospitality",2021-08-01,60140.1595175245,60900,759.840482475498
"318","Leisure and Hospitality",2021-07-01,57866.7026660013,58000,133.2973339987
"319","Leisure and Hospitality",2021-06-01,54862.8362322138,56000,1137.1637677862
"320","Leisure and Hospitality",2021-05-01,51840.5536793412,53200,1359.4463206588
"321","Leisure and Hospitality",2021-04-01,49908.0949535285,50500,591.905046471496
"322","Leisure and Hospitality",2021-03-01,48345.1820833979,46100,-2245.1820833979
"323","Leisure and Hospitality",2021-02-01,46276.4458736182,42600,-3676.4458736182
"324","Leisure and Hospitality",2021-01-01,43484.6678725589,39700,-3784.6678725589
"325","Leisure and Hospitality",2020-12-01,37741.4724725207,37700,-41.4724725206979
"326","Leisure and Hospitality",2020-11-01,43863.3524307824,45200,1336.6475692176
"327","Leisure and Hospitality",2020-10-01,43314.9993031083,46100,2785.0006968917
"328","Leisure and Hospitality",2020-09-01,41430.1018267002,43300,1869.8981732998
"329","Leisure and Hospitality",2020-08-01,39640.3103807911,40400,759.689619208897
"330","Leisure and Hospitality",2020-07-01,37777.4789980763,37800,22.5210019236983
"331","Leisure and Hospitality",2020-06-01,33052.3693841179,34300,1247.6306158821
"332","Leisure and Hospitality",2020-05-01,30340.5627327233,31700,1359.4372672767
"333","Leisure and Hospitality",2020-04-01,28618.6704461754,29100,481.329553824598
"334","Leisure and Hospitality",2020-03-01,74634.5588478745,72500,-2134.5588478745
"335","Leisure and Hospitality",2020-02-01,78176.3094597139,74500,-3676.3094597139
"336","Leisure and Hospitality",2020-01-01,78195.0430539797,74300,-3895.04305397969
"337","Leisure and Hospitality",2019-12-01,77430.7179666539,77500,69.2820333460986
"338","Leisure and Hospitality",2019-11-01,76063.2650144761,77400,1336.7349855239
"339","Leisure and Hospitality",2019-10-01,74925.6611063566,77600,2674.33889364341
"340","Leisure and Hospitality",2019-09-01,76919.6755736979,78900,1980.3244263021
"341","Leisure and Hospitality",2019-08-01,76340.589986597,77100,759.410013403001
"342","Leisure and Hospitality",2019-07-01,76088.3434920606,76000,-88.3434920605941
"343","Leisure and Hospitality",2019-06-01,75841.9202648155,77200,1358.0797351845
"344","Leisure and Hospitality",2019-05-01,76340.48750757,77700,1359.51249243
"345","Leisure and Hospitality",2019-04-01,76618.5598809549,77100,481.440119045103
"346","Leisure and Hospitality",2019-03-01,76234.4360938613,74100,-2134.4360938613
"347","Leisure and Hospitality",2019-02-01,75676.1007353753,72000,-3676.10073537529
"348","Leisure and Hospitality",2019-01-01,75905.4164872779,71900,-4005.41648727789
"349","Leisure and Hospitality",2018-12-01,74919.9789088002,75100,180.0210911998
"350","Leisure and Hospitality",2018-11-01,74563.1793075789,75900,1336.8206924211
"351","Leisure and Hospitality",2018-10-01,74636.3252252622,77200,2563.6747747378
"352","Leisure and Hospitality",2018-09-01,74509.2299918674,76600,2090.7700081326
"353","Leisure and Hospitality",2018-08-01,73851.4180566715,74500,648.581943328507
"354","Leisure and Hospitality",2018-07-01,73978.0013149828,74000,21.998685017199
"355","Leisure and Hospitality",2018-06-01,74542.0538994361,75900,1357.9461005639
"356","Leisure and Hospitality",2018-05-01,74351.0300390376,75600,1248.96996096239
"357","Leisure and Hospitality",2018-04-01,73707.891670716,74300,592.108329284005
"358","Leisure and Hospitality",2018-03-01,73334.3520537165,71200,-2134.3520537165
"359","Leisure and Hospitality",2018-02-01,75529.3636117772,71000,-4529.3636117772
"360","Leisure and Hospitality",2018-01-01,74294.6566483907,70400,-3894.65664839069
"361","Leisure and Hospitality",2017-12-01,73419.8159863139,73600,180.184013686099
"362","Leisure and Hospitality",2017-11-01,72984.2467541203,74100,1115.75324587971
"363","Leisure and Hospitality",2017-10-01,72715.1749838225,75500,2784.82501617751
"364","Leisure and Hospitality",2017-09-01,73009.3616129145,75100,2090.63838708551
"365","Leisure and Hospitality",2017-08-01,72962.215958356,73500,537.784041644001
"366","Leisure and Hospitality",2017-07-01,72967.6502268056,73100,132.349773194393
"367","Leisure and Hospitality",2017-06-01,72552.8320653981,73800,1247.16793460189
"368","Leisure and Hospitality",2017-05-01,73451.0641698448,74700,1248.9358301552
"369","Leisure and Hospitality",2017-04-01,73297.3058009405,74000,702.694199059493
"370","Leisure and Hospitality",2017-03-01,72955.5220012155,70600,-2355.5220012155
"371","Leisure and Hospitality",2017-02-01,73275.7471209347,69600,-3675.7471209347
"372","Leisure and Hospitality",2017-01-01,72883.8777398738,69100,-3783.8777398738
"373","Leisure and Hospitality",2016-12-01,72419.5875251338,72600,180.4124748662
"374","Leisure and Hospitality",2016-11-01,72084.0387284197,73200,1115.96127158029
"375","Leisure and Hospitality",2016-10-01,71015.1177765861,73800,2784.88222341389
"376","Leisure and Hospitality",2016-09-01,72320.0335802132,74300,1979.9664197868
"377","Leisure and Hospitality",2016-08-01,70751.7712747675,71400,648.228725232504
"378","Leisure and Hospitality",2016-07-01,70067.8730490787,70200,132.126950921302
"379","Leisure and Hospitality",2016-06-01,69963.5782111415,71100,1136.4217888585
"380","Leisure and Hospitality",2016-05-01,70340.5731810409,71700,1359.42681895909
"381","Leisure and Hospitality",2016-04-01,70597.3794700193,71300,702.620529980704
"382","Leisure and Hospitality",2016-03-01,70355.5621030489,68000,-2355.5621030489
"383","Leisure and Hospitality",2016-02-01,70175.6743147969,66500,-3675.6743147969
"384","Leisure and Hospitality",2016-01-01,69783.7400276965,66000,-3783.74002769651
"385","Leisure and Hospitality",2015-12-01,70129.9761005253,70200,70.0238994747051
"386","Leisure and Hospitality",2015-11-01,68373.2637319222,69600,1226.7362680778
"387","Leisure and Hospitality",2015-10-01,69315.0133849657,72100,2784.9866150343
"388","Leisure and Hospitality",2015-09-01,68130.6490837191,70000,1869.35091628091
"389","Leisure and Hospitality",2015-08-01,67541.2718570831,68300,758.728142916894
"390","Leisure and Hospitality",2015-07-01,67568.0128078411,67700,131.987192158893
"391","Leisure and Hospitality",2015-06-01,68363.6817518028,69500,1136.3182481972
"392","Leisure and Hospitality",2015-05-01,68440.6778920425,69800,1359.3221079575
"393","Leisure and Hospitality",2015-04-01,68308.0793204095,68900,591.920679590505
"394","Leisure and Hospitality",2015-03-01,68445.0370658784,66200,-2245.03706587839
"395","Leisure and Hospitality",2015-02-01,68675.658474612,65000,-3675.65847461201
"396","Leisure and Hospitality",2015-01-01,68583.6393863096,64800,-3783.6393863096
"397","Manufacturing",2023-03-01,19137.1217551753,19100,-37.1217551752998
"398","Manufacturing",2023-02-01,19161.8587560053,19100,-61.8587560052983
"399","Manufacturing",2023-01-01,19180.0253586597,19000,-180.025358659699
"400","Manufacturing",2022-12-01,19208.6761586989,19400,191.323841301099
"401","Manufacturing",2022-11-01,19184.7848802639,19300,115.215119736102
"402","Manufacturing",2022-10-01,19161.5690618241,19200,38.4309381759012
"403","Manufacturing",2022-09-01,19166.6530841062,19100,-66.6530841062013
"404","Manufacturing",2022-08-01,19150.6212925609,19100,-50.6212925608997
"405","Manufacturing",2022-07-01,19168.7743945593,19200,31.2256054407007
"406","Manufacturing",2022-06-01,19122.7610463858,19100,-22.7610463858
"407","Manufacturing",2022-05-01,19134.7200737282,19200,65.2799262717999
"408","Manufacturing",2022-04-01,19065.0399855164,19100,34.9600144836004
"409","Manufacturing",2022-03-01,19047.1404340405,19100,52.8595659595012
"410","Manufacturing",2022-02-01,18958.540504779,18900,-58.5405047790009
"411","Manufacturing",2022-01-01,18750.0939080091,18500,-250.093908009101
"412","Manufacturing",2021-12-01,18821.7280734344,19000,178.271926565601
"413","Manufacturing",2021-11-01,18717.9551558524,18900,182.0448441476
"414","Manufacturing",2021-10-01,18642.4858999331,18800,157.514100066899
"415","Manufacturing",2021-09-01,18531.5777365009,18500,-31.5777365009017
"416","Manufacturing",2021-08-01,18437.9220879652,18400,-37.9220879651984
"417","Manufacturing",2021-07-01,18319.7326463802,18300,-19.7326463801983
"418","Manufacturing",2021-06-01,18216.9241193694,18100,-116.9241193694
"419","Manufacturing",2021-05-01,18085.4705615906,18000,-85.4705615905987
"420","Manufacturing",2021-04-01,17984.9873927745,17900,-84.9873927744993
"421","Manufacturing",2021-03-01,17868.0157860633,17800,-68.0157860633008
"422","Manufacturing",2021-02-01,17747.1301174101,17700,-47.130117410099
"423","Manufacturing",2021-01-01,17722.4814524617,17700,-22.4814524616995
"424","Manufacturing",2020-12-01,17544.1906569538,17800,255.8093430462
"425","Manufacturing",2020-11-01,17486.0818513832,17700,213.918148616802
"426","Manufacturing",2020-10-01,17398.9877469423,17600,201.012253057699
"427","Manufacturing",2020-09-01,17221.1647652862,17200,-21.1647652862011
"428","Manufacturing",2020-08-01,17160.6955864232,17100,-60.6955864232004
"429","Manufacturing",2020-07-01,17099.9017973693,17000,-99.9017973693008
"430","Manufacturing",2020-06-01,16979.6503650279,16800,-179.650365027901
"431","Manufacturing",2020-05-01,15981.3432928167,15800,-181.3432928167
"432","Manufacturing",2020-04-01,14635.9707709392,14500,-135.970770939201
"433","Manufacturing",2020-03-01,18929.129638916,18800,-129.129638916002
"434","Manufacturing",2020-02-01,18944.8521124665,18900,-44.8521124664985
"435","Manufacturing",2020-01-01,18945.4255888317,19000,54.5744111683016
"436","Manufacturing",2019-12-01,18947.1293511951,19200,252.870648804899
"437","Manufacturing",2019-11-01,18876.5375283423,19000,123.462471657698
"438","Manufacturing",2019-10-01,18872.4625086835,19000,127.5374913165
"439","Manufacturing",2019-09-01,18937.91011701,19000,62.0898829899998
"440","Manufacturing",2019-08-01,19620.7625007813,19600,-20.7625007813003
"441","Manufacturing",2019-07-01,19599.9546929238,19500,-99.9546929237986
"442","Manufacturing",2019-06-01,19666.3272952248,19600,-66.3272952248008
"443","Manufacturing",2019-05-01,19699.747697505,19600,-99.7476975050013
"444","Manufacturing",2019-04-01,19764.3996023448,19700,-64.3996023448017
"445","Manufacturing",2019-03-01,19785.1606930398,19700,-85.1606930398011
"446","Manufacturing",2019-02-01,19802.3428579589,19700,-102.342857958902
"447","Manufacturing",2019-01-01,19774.8894036762,19700,-74.8894036761994
"448","Manufacturing",2018-12-01,19832.429388372,20000,167.570611628002
"449","Manufacturing",2018-11-01,19887.266500134,20000,112.733499866001
"450","Manufacturing",2018-10-01,19933.2671099447,20100,166.7328900553
"451","Manufacturing",2018-09-01,19967.6354646475,20100,132.364535352499
"452","Manufacturing",2018-08-01,19955.6001419022,20000,44.3998580978005
"453","Manufacturing",2018-07-01,19996.108568373,20000,3.89143162699838
"454","Manufacturing",2018-06-01,20011.1438589516,20100,88.8561410483999
"455","Manufacturing",2018-05-01,19984.6000940175,19900,-84.6000940174999
"456","Manufacturing",2018-04-01,19940.0557374956,19800,-140.055737495601
"457","Manufacturing",2018-03-01,19983.4959607205,19800,-183.495960720498
"458","Manufacturing",2018-02-01,19994.7461153297,19800,-194.746115329701
"459","Manufacturing",2018-01-01,20082.9768466656,20000,-82.9768466655987
"460","Manufacturing",2017-12-01,20086.5919932371,20300,213.4080067629
"461","Manufacturing",2017-11-01,20109.0461067196,20200,90.9538932803989
"462","Manufacturing",2017-10-01,20093.5113303798,20200,106.488669620201
"463","Manufacturing",2017-09-01,20062.8916019743,20100,37.108398025699
"464","Manufacturing",2017-08-01,20130.9251324808,20100,-30.9251324807992
"465","Manufacturing",2017-07-01,20116.487543844,20100,-16.4875438439994
"466","Manufacturing",2017-06-01,20204.7670246644,20300,95.2329753355989
"467","Manufacturing",2017-05-01,20194.1184050481,20200,5.88159495190121
"468","Manufacturing",2017-04-01,20294.5482271664,20300,5.45177283359953
"469","Manufacturing",2017-03-01,20294.225678309,20200,-94.2256783090015
"470","Manufacturing",2017-02-01,20274.8869407295,20100,-174.886940729499
"471","Manufacturing",2017-01-01,20287.4490355313,20100,-187.449035531299
"472","Manufacturing",2016-12-01,20370.1545992437,20500,129.845400756301
"473","Manufacturing",2016-11-01,20311.8312951258,20300,-11.8312951258013
"474","Manufacturing",2016-10-01,20423.2313787089,20500,76.7686212910994
"475","Manufacturing",2016-09-01,20464.5725613084,20600,135.4274386916
"476","Manufacturing",2016-08-01,20449.738290183,20500,50.2617098170012
"477","Manufacturing",2016-07-01,20500.8985471127,20600,99.1014528872984
"478","Manufacturing",2016-06-01,20494.1801535452,20600,105.8198464548
"479","Manufacturing",2016-05-01,20557.1609619397,20600,42.8390380603014
"480","Manufacturing",2016-04-01,20554.3503725342,20500,-54.3503725342016
"481","Manufacturing",2016-03-01,20564.5176332578,20400,-164.517633257801
"482","Manufacturing",2016-02-01,20673.2279932344,20500,-173.227993234399
"483","Manufacturing",2016-01-01,20636.6665195522,20400,-236.6665195522
"484","Manufacturing",2015-12-01,20737.1576920957,20800,62.8423079042987
"485","Manufacturing",2015-11-01,20809.5364323872,20800,-9.53643238720178
"486","Manufacturing",2015-10-01,20808.5403786203,20800,-8.54037862029872
"487","Manufacturing",2015-09-01,20902.6344226166,21000,97.3655773833998
"488","Manufacturing",2015-08-01,20948.0618525513,21000,51.9381474487018
"489","Manufacturing",2015-07-01,21035.2382673484,21200,164.761732651601
"490","Manufacturing",2015-06-01,21073.9359571146,21200,126.064042885399
"491","Manufacturing",2015-05-01,21124.4378752255,21200,75.5621247745003
"492","Manufacturing",2015-04-01,21154.0529260313,21100,-54.0529260313015
"493","Manufacturing",2015-03-01,21221.7954612348,21100,-121.7954612348
"494","Manufacturing",2015-02-01,21236.173358528,21100,-136.173358528002
"495","Manufacturing",2015-01-01,21327.2205164496,21200,-127.220516449601
"496","Mining, Logging, and Construction",2023-03-01,12799.4817038998,12500,-299.481703899801
"497","Mining, Logging, and Construction",2023-02-01,12807.86449914,12400,-407.86449914
"498","Mining, Logging, and Construction",2023-01-01,12875.8948163388,12500,-375.8948163388
"499","Mining, Logging, and Construction",2022-12-01,12776.1785699032,12700,-76.1785699032007
"500","Mining, Logging, and Construction",2022-11-01,12926.5474111765,13200,273.4525888235
"501","Mining, Logging, and Construction",2022-10-01,12942.9979222228,13300,357.002077777201
"502","Mining, Logging, and Construction",2022-09-01,13041.9514751357,13300,258.0485248643
"503","Mining, Logging, and Construction",2022-08-01,12543.0640325265,12600,56.9359674735006
"504","Mining, Logging, and Construction",2022-07-01,12682.1071413499,12800,117.892858650101
"505","Mining, Logging, and Construction",2022-06-01,12542.7907659468,12600,57.2092340531999
"506","Mining, Logging, and Construction",2022-05-01,12271.5636246691,12400,128.436375330901
"507","Mining, Logging, and Construction",2022-04-01,12236.0222424235,12200,-36.0222424234998
"508","Mining, Logging, and Construction",2022-03-01,12216.3871967465,11900,-316.3871967465
"509","Mining, Logging, and Construction",2022-02-01,11831.4967027986,11400,-431.4967027986
"510","Mining, Logging, and Construction",2022-01-01,11805.6558328404,11400,-405.655832840401
"511","Mining, Logging, and Construction",2021-12-01,12186.1757594067,12100,-86.1757594067003
"512","Mining, Logging, and Construction",2021-11-01,11815.5915844332,12100,284.408415566801
"513","Mining, Logging, and Construction",2021-10-01,11939.4647345468,12300,360.5352654532
"514","Mining, Logging, and Construction",2021-09-01,11856.5964543032,12100,243.403545696799
"515","Mining, Logging, and Construction",2021-08-01,12137.6186634593,12200,62.3813365407004
"516","Mining, Logging, and Construction",2021-07-01,11986.0642154443,12100,113.935784555701
"517","Mining, Logging, and Construction",2021-06-01,11843.7823812586,11900,56.2176187414007
"518","Mining, Logging, and Construction",2021-05-01,11741.5141613053,11900,158.4858386947
"519","Mining, Logging, and Construction",2021-04-01,11722.9964655458,11700,-22.9964655458007
"520","Mining, Logging, and Construction",2021-03-01,11321.6533085804,11000,-321.6533085804
"521","Mining, Logging, and Construction",2021-02-01,11216.8886581909,10800,-416.888658190899
"522","Mining, Logging, and Construction",2021-01-01,11512.9854864755,11100,-412.9854864755
"523","Mining, Logging, and Construction",2020-12-01,11401.5660240574,11300,-101.5660240574
"524","Mining, Logging, and Construction",2020-11-01,11290.4102728484,11600,309.589727151601
"525","Mining, Logging, and Construction",2020-10-01,11233.5119774296,11600,366.4880225704
"526","Mining, Logging, and Construction",2020-09-01,11075.7571484193,11300,224.242851580701
"527","Mining, Logging, and Construction",2020-08-01,11159.2367232808,11200,40.7632767192008
"528","Mining, Logging, and Construction",2020-07-01,10914.5833631341,11000,85.4166368659007
"529","Mining, Logging, and Construction",2020-06-01,10652.4138835263,10700,47.5861164736998
"530","Mining, Logging, and Construction",2020-05-01,9721.32127248917,9900,178.678727510831
"531","Mining, Logging, and Construction",2020-04-01,6925.36423263154,6900,-25.3642326315403
"532","Mining, Logging, and Construction",2020-03-01,11925.1536509095,11600,-325.1536509095
"533","Mining, Logging, and Construction",2020-02-01,11783.6678601405,11400,-383.6678601405
"534","Mining, Logging, and Construction",2020-01-01,11832.5792909644,11400,-432.579290964401
"535","Mining, Logging, and Construction",2019-12-01,11831.3401002648,11700,-131.340100264801
"536","Mining, Logging, and Construction",2019-11-01,12371.2212196862,12700,328.7787803138
"537","Mining, Logging, and Construction",2019-10-01,12019.1911316988,12400,380.808868301199
"538","Mining, Logging, and Construction",2019-09-01,12484.1747159073,12700,215.8252840927
"539","Mining, Logging, and Construction",2019-08-01,12272.0243583815,12300,27.9756416184991
"540","Mining, Logging, and Construction",2019-07-01,12509.1754496488,12600,90.8245503512007
"541","Mining, Logging, and Construction",2019-06-01,12497.2834726499,12600,102.7165273501
"542","Mining, Logging, and Construction",2019-05-01,12677.5531402083,12900,222.4468597917
"543","Mining, Logging, and Construction",2019-04-01,12639.9873242786,12600,-39.9873242785998
"544","Mining, Logging, and Construction",2019-03-01,12355.333087884,12000,-355.333087884001
"545","Mining, Logging, and Construction",2019-02-01,12563.8161259183,12200,-363.8161259183
"546","Mining, Logging, and Construction",2019-01-01,12461.6395540404,12000,-461.639554040399
"547","Mining, Logging, and Construction",2018-12-01,12353.7034786896,12200,-153.7034786896
"548","Mining, Logging, and Construction",2018-11-01,13086.6960102815,13400,313.303989718501
"549","Mining, Logging, and Construction",2018-10-01,13312.4173137613,13700,387.5826862387
"550","Mining, Logging, and Construction",2018-09-01,12706.6403545271,12900,193.3596454729
"551","Mining, Logging, and Construction",2018-08-01,12583.9764511837,12600,16.0235488162998
"552","Mining, Logging, and Construction",2018-07-01,12503.946576859,12600,96.0534231410002
"553","Mining, Logging, and Construction",2018-06-01,12736.7982906888,12900,163.201709311201
"554","Mining, Logging, and Construction",2018-05-01,12538.9137394975,12800,261.086260502499
"555","Mining, Logging, and Construction",2018-04-01,12865.5641023191,12800,-65.5641023191001
"556","Mining, Logging, and Construction",2018-03-01,12264.8187767203,11900,-364.8187767203
"557","Mining, Logging, and Construction",2018-02-01,12025.7782444793,11700,-325.778244479299
"558","Mining, Logging, and Construction",2018-01-01,11963.5850784484,11500,-463.585078448399
"559","Mining, Logging, and Construction",2017-12-01,12041.0118297845,11900,-141.0118297845
"560","Mining, Logging, and Construction",2017-11-01,12041.686484968,12300,258.313515031999
"561","Mining, Logging, and Construction",2017-10-01,12157.0157728239,12500,342.984227176101
"562","Mining, Logging, and Construction",2017-09-01,11939.3679021767,12100,160.6320978233
"563","Mining, Logging, and Construction",2017-08-01,11986.1874397737,12000,13.8125602263008
"564","Mining, Logging, and Construction",2017-07-01,11889.9102228607,12000,110.089777139299
"565","Mining, Logging, and Construction",2017-06-01,12089.3685218511,12300,210.6314781489
"566","Mining, Logging, and Construction",2017-05-01,12525.7673583682,12800,274.232641631799
"567","Mining, Logging, and Construction",2017-04-01,11518.0741453601,11400,-118.0741453601
"568","Mining, Logging, and Construction",2017-03-01,11861.3502263788,11500,-361.3502263788
"569","Mining, Logging, and Construction",2017-02-01,12369.2936850099,12100,-269.293685009899
"570","Mining, Logging, and Construction",2017-01-01,12239.6749945133,11800,-439.6749945133
"571","Mining, Logging, and Construction",2016-12-01,12104.6025386045,12000,-104.6025386045
"572","Mining, Logging, and Construction",2016-11-01,11992.4229117128,12200,207.5770882872
"573","Mining, Logging, and Construction",2016-10-01,11809.0142536714,12100,290.985746328601
"574","Mining, Logging, and Construction",2016-09-01,11957.632843154,12100,142.367156845999
"575","Mining, Logging, and Construction",2016-08-01,11977.1492268729,12000,22.8507731271002
"576","Mining, Logging, and Construction",2016-07-01,12368.5521027206,12500,131.4478972794
"577","Mining, Logging, and Construction",2016-06-01,12054.8296374416,12300,245.1703625584
"578","Mining, Logging, and Construction",2016-05-01,12049.9882508071,12300,250.0117491929
"579","Mining, Logging, and Construction",2016-04-01,11941.4659633675,11800,-141.4659633675
"580","Mining, Logging, and Construction",2016-03-01,11840.422244203,11500,-340.422244203
"581","Mining, Logging, and Construction",2016-02-01,11739.3865388928,11500,-239.386538892801
"582","Mining, Logging, and Construction",2016-01-01,11632.6640472503,11200,-432.6640472503
"583","Mining, Logging, and Construction",2015-12-01,11981.2757127356,11900,-81.2757127355999
"584","Mining, Logging, and Construction",2015-11-01,11527.6132584298,11700,172.386741570201
"585","Mining, Logging, and Construction",2015-10-01,11639.0569352312,11900,260.9430647688
"586","Mining, Logging, and Construction",2015-09-01,11662.1095889185,11800,137.8904110815
"587","Mining, Logging, and Construction",2015-08-01,11669.191196029,11700,30.8088039710001
"588","Mining, Logging, and Construction",2015-07-01,11471.0241944636,11600,128.9758055364
"589","Mining, Logging, and Construction",2015-06-01,11838.3789094539,12100,261.621090546099
"590","Mining, Logging, and Construction",2015-05-01,11188.3441485363,11400,211.6558514637
"591","Mining, Logging, and Construction",2015-04-01,11150.6201299172,11000,-150.620129917201
"592","Mining, Logging, and Construction",2015-03-01,11313.8644668927,11000,-313.864466892701
"593","Mining, Logging, and Construction",2015-02-01,11409.7642666636,11200,-209.7642666636
"594","Mining, Logging, and Construction",2015-01-01,11113.9949961908,10700,-413.994996190801
"595","Total Non-Farm",2023-03-01,764548.027471609,763300,-1248.02747160895
"596","Total Non-Farm",2023-02-01,761583.747235836,758800,-2783.747235836
"597","Total Non-Farm",2023-01-01,757295.761840444,747900,-9395.76184044406
"598","Total Non-Farm",2022-12-01,754274.246062858,762700,8425.75393714197
"599","Total Non-Farm",2022-11-01,752958.802500195,765500,12541.197499805
"600","Total Non-Farm",2022-10-01,749074.427885679,759400,10325.5721143211
"601","Total Non-Farm",2022-09-01,748707.422453652,751600,2892.57754634798
"602","Total Non-Farm",2022-08-01,747393.709279224,738500,-8893.70927922404
"603","Total Non-Farm",2022-07-01,744182.015355036,733700,-10482.015355036
"604","Total Non-Farm",2022-06-01,740777.476950458,733900,-6877.47695045802
"605","Total Non-Farm",2022-05-01,738767.58671896,740200,1432.41328104003
"606","Total Non-Farm",2022-04-01,736450.276403129,740300,3849.72359687102
"607","Total Non-Farm",2022-03-01,733515.868239543,732300,-1215.86823954305
"608","Total Non-Farm",2022-02-01,730048.272030902,727300,-2748.27203090198
"609","Total Non-Farm",2022-01-01,724953.710586861,715800,-9153.71058686101
"610","Total Non-Farm",2021-12-01,723072.853466286,731700,8627.14653371403
"611","Total Non-Farm",2021-11-01,716653.576774192,729300,12646.423225808
"612","Total Non-Farm",2021-10-01,710227.933568843,720800,10572.0664311571
"613","Total Non-Farm",2021-09-01,703257.035715221,706200,2942.96428477904
"614","Total Non-Farm",2021-08-01,701479.854138849,692400,-9079.85413884895
"615","Total Non-Farm",2021-07-01,697612.688539032,687000,-10612.688539032
"616","Total Non-Farm",2021-06-01,692930.473559704,686000,-6930.47355970403
"617","Total Non-Farm",2021-05-01,687586.896846946,688900,1313.10315305402
"618","Total Non-Farm",2021-04-01,684054.235009081,687700,3645.76499091904
"619","Total Non-Farm",2021-03-01,681996.986530371,680500,-1496.98653037101
"620","Total Non-Farm",2021-02-01,674218.50828905,671300,-2918.50828904996
"621","Total Non-Farm",2021-01-01,673368.626816208,664300,-9068.62681620801
"622","Total Non-Farm",2020-12-01,664301.391395019,672800,8498.60860498098
"623","Total Non-Farm",2020-11-01,671239.232252314,683800,12560.767747686
"624","Total Non-Farm",2020-10-01,670425.197979339,681300,10874.802020661
"625","Total Non-Farm",2020-09-01,664692.697358844,668000,3307.30264115601
"626","Total Non-Farm",2020-08-01,660774.573015684,651600,-9174.57301568403
"627","Total Non-Farm",2020-07-01,656281.677062953,645600,-10681.677062953
"628","Total Non-Farm",2020-06-01,649669.269357827,642900,-6769.26935782703
"629","Total Non-Farm",2020-05-01,633946.714718945,635400,1453.28528105502
"630","Total Non-Farm",2020-04-01,627371.413526808,631100,3728.58647319197
"631","Total Non-Farm",2020-03-01,746348.230508364,744700,-1648.23050836404
"632","Total Non-Farm",2020-02-01,753059.275001543,750400,-2659.27500154299
"633","Total Non-Farm",2020-01-01,751374.082535702,742600,-8774.08253570204
"634","Total Non-Farm",2019-12-01,748667.273143178,756900,8232.72685682203
"635","Total Non-Farm",2019-11-01,746813.852267629,758900,12086.147732371
"636","Total Non-Farm",2019-10-01,743598.50463904,754200,10601.49536096
"637","Total Non-Farm",2019-09-01,743312.718929032,746600,3287.28107096802
"638","Total Non-Farm",2019-08-01,741246.260785538,731600,-9646.260785538
"639","Total Non-Farm",2019-07-01,737946.395506196,727000,-10946.395506196
"640","Total Non-Farm",2019-06-01,738763.44720987,732200,-6563.44720986998
"641","Total Non-Farm",2019-05-01,739355.850767739,741000,1644.149232261
"642","Total Non-Farm",2019-04-01,739183.596395399,743300,4116.40360460104
"643","Total Non-Farm",2019-03-01,736842.310712865,735300,-1542.31071286497
"644","Total Non-Farm",2019-02-01,735478.442904521,733400,-2078.44290452101
"645","Total Non-Farm",2019-01-01,735382.361768408,727000,-8382.36176840798
"646","Total Non-Farm",2018-12-01,730055.3306861,738200,8144.66931390006
"647","Total Non-Farm",2018-11-01,731244.617756249,742900,11655.382243751
"648","Total Non-Farm",2018-10-01,731134.497628455,741500,10365.5023715449
"649","Total Non-Farm",2018-09-01,729039.721592788,732300,3260.278407212
"650","Total Non-Farm",2018-08-01,726885.113517742,716800,-10085.113517742
"651","Total Non-Farm",2018-07-01,724701.156441835,713700,-11001.156441835
"652","Total Non-Farm",2018-06-01,725841.185264252,719500,-6341.18526425201
"653","Total Non-Farm",2018-05-01,722744.298295796,724400,1655.70170420397
"654","Total Non-Farm",2018-04-01,721811.624466894,726100,4288.37553310604
"655","Total Non-Farm",2018-03-01,719027.516981418,717500,-1527.51698141801
"656","Total Non-Farm",2018-02-01,720236.303432847,718600,-1636.30343284702
"657","Total Non-Farm",2018-01-01,718163.158883111,710000,-8163.15888311097
"658","Total Non-Farm",2017-12-01,716672.85587457,724900,8227.14412543003
"659","Total Non-Farm",2017-11-01,713558.463368195,724800,11241.536631805
"660","Total Non-Farm",2017-10-01,712239.952050543,722300,10060.047949457
"661","Total Non-Farm",2017-09-01,711317.365655223,714500,3182.63434477698
"662","Total Non-Farm",2017-08-01,709865.189657165,699400,-10465.189657165
"663","Total Non-Farm",2017-07-01,708282.237670877,697400,-10882.237670877
"664","Total Non-Farm",2017-06-01,707187.193111224,701000,-6187.19311122398
"665","Total Non-Farm",2017-05-01,708680.822028012,710300,1619.17797198799
"666","Total Non-Farm",2017-04-01,706162.312122449,710600,4437.68787755095
"667","Total Non-Farm",2017-03-01,706758.168251132,705300,-1458.16825113201
"668","Total Non-Farm",2017-02-01,706869.7586341,705500,-1369.75863409997
"669","Total Non-Farm",2017-01-01,705419.643586494,697300,-8119.64358649403
"670","Total Non-Farm",2016-12-01,704313.944596609,712600,8286.05540339102
"671","Total Non-Farm",2016-11-01,702381.97335423,713300,10918.0266457699
"672","Total Non-Farm",2016-10-01,701434.412902952,711300,9865.58709704794
"673","Total Non-Farm",2016-09-01,704498.706230443,707600,3101.29376955703
"674","Total Non-Farm",2016-08-01,699883.275538454,689200,-10683.2755384539
"675","Total Non-Farm",2016-07-01,701620.646706049,691000,-10620.646706049
"676","Total Non-Farm",2016-06-01,697286.620401769,691400,-5886.62040176895
"677","Total Non-Farm",2016-05-01,695299.047480766,696900,1600.95251923404
"678","Total Non-Farm",2016-04-01,695868.251757642,700500,4631.74824235798
"679","Total Non-Farm",2016-03-01,693582.765614691,692200,-1382.76561469096
"680","Total Non-Farm",2016-02-01,692069.631942065,690800,-1269.63194206497
"681","Total Non-Farm",2016-01-01,689738.473322165,681600,-8138.47332216497
"682","Total Non-Farm",2015-12-01,689011.961067866,697300,8288.03893213405
"683","Total Non-Farm",2015-11-01,686383.303950783,697100,10716.696049217
"684","Total Non-Farm",2015-10-01,686193.325758915,695900,9706.67424108495
"685","Total Non-Farm",2015-09-01,682814.571382808,685600,2785.42861719197
"686","Total Non-Farm",2015-08-01,683641.807003871,672700,-10941.807003871
"687","Total Non-Farm",2015-07-01,684290.065987328,673700,-10590.065987328
"688","Total Non-Farm",2015-06-01,686425.874461256,680800,-5625.87446125597
"689","Total Non-Farm",2015-05-01,683581.367573762,685200,1618.63242623804
"690","Total Non-Farm",2015-04-01,683460.645225106,688200,4739.35477489396
"691","Total Non-Farm",2015-03-01,682453.396112578,681100,-1353.39611257799
"692","Total Non-Farm",2015-02-01,682203.390396394,681000,-1203.39039639395
"693","Total Non-Farm",2015-01-01,681786.092748414,673700,-8086.09274841403
"694","Professional and Business Services",2023-03-01,111343.931932944,110700,-643.931932944004
"695","Professional and Business Services",2023-02-01,111456.968701795,111200,-256.968701795005
"696","Professional and Business Services",2023-01-01,110967.008734591,110300,-667.008734591
"697","Professional and Business Services",2022-12-01,111205.765724985,112200,994.234275014998
"698","Professional and Business Services",2022-11-01,111028.802464698,112300,1271.197535302
"699","Professional and Business Services",2022-10-01,110463.002386682,111500,1036.997613318
"700","Professional and Business Services",2022-09-01,110799.722708924,110200,-599.722708924004
"701","Professional and Business Services",2022-08-01,110912.341907637,110400,-512.341907637005
"702","Professional and Business Services",2022-07-01,110870.695098394,110500,-370.695098394004
"703","Professional and Business Services",2022-06-01,111688.145219915,111700,11.8547800850065
"704","Professional and Business Services",2022-05-01,110681.934319895,110600,-81.9343198949937
"705","Professional and Business Services",2022-04-01,109682.966300601,109500,-182.966300600994
"706","Professional and Business Services",2022-03-01,109533.427300926,108900,-633.427300926007
"707","Professional and Business Services",2022-02-01,108450.016808404,108200,-250.016808404005
"708","Professional and Business Services",2022-01-01,107647.01149963,107000,-647.011499629996
"709","Professional and Business Services",2021-12-01,106844.744058126,107800,955.255941873998
"710","Professional and Business Services",2021-11-01,106184.257714407,107400,1215.74228559301
"711","Professional and Business Services",2021-10-01,105410.394431955,106400,989.605568044994
"712","Professional and Business Services",2021-09-01,104063.249608182,103500,-563.249608181999
"713","Professional and Business Services",2021-08-01,103277.086653938,102800,-477.086653937993
"714","Professional and Business Services",2021-07-01,102843.896406404,102500,-343.896406404005
"715","Professional and Business Services",2021-06-01,101689.314292424,101700,10.6857075760054
"716","Professional and Business Services",2021-05-01,100974.79978779,100900,-74.7997877900052
"717","Professional and Business Services",2021-04-01,100768.098663355,100600,-168.098663355006
"718","Professional and Business Services",2021-03-01,100179.346678976,99600,-579.346678975999
"719","Professional and Business Services",2021-02-01,99128.5246351625,98900,-228.524635162496
"720","Professional and Business Services",2021-01-01,98793.7628404932,98200,-593.762840493204
"721","Professional and Business Services",2020-12-01,97924.4793253284,98800,875.520674671599
"722","Professional and Business Services",2020-11-01,98077.0795248523,99200,1122.92047514769
"723","Professional and Business Services",2020-10-01,97682.9038692443,98600,917.096130755701
"724","Professional and Business Services",2020-09-01,96522.3871076292,96000,-522.387107629198
"725","Professional and Business Services",2020-08-01,95943.1855583428,95500,-443.185558342797
"726","Professional and Business Services",2020-07-01,95720.0970106494,95400,-320.097010649406
"727","Professional and Business Services",2020-06-01,95290.0704754744,95300,9.92952452560712
"728","Professional and Business Services",2020-05-01,94670.1477725826,94600,-70.1477725825971
"729","Professional and Business Services",2020-04-01,94457.5745269437,94300,-157.574526943703
"730","Professional and Business Services",2020-03-01,106214.275334653,105600,-614.275334652993
"731","Professional and Business Services",2020-02-01,106645.843901573,106400,-245.843901572996
"732","Professional and Business Services",2020-01-01,106540.288508135,105900,-640.288508134996
"733","Professional and Business Services",2019-12-01,106051.785282815,107000,948.214717184994
"734","Professional and Business Services",2019-11-01,105788.82475234,107000,1211.17524765999
"735","Professional and Business Services",2019-10-01,105608.504321864,106600,991.495678135994
"736","Professional and Business Services",2019-09-01,105571.30448844,105000,-571.304488440001
"737","Professional and Business Services",2019-08-01,104683.505326877,104200,-483.505326876999
"738","Professional and Business Services",2019-07-01,104148.293150162,103800,-348.293150162004
"739","Professional and Business Services",2019-06-01,103589.265832862,103600,10.7341671379982
"740","Professional and Business Services",2019-05-01,103576.721032719,103500,-76.7210327189969
"741","Professional and Business Services",2019-04-01,103572.755130393,103400,-172.755130392994
"742","Professional and Business Services",2019-03-01,102995.657302308,102400,-595.657302307998
"743","Professional and Business Services",2019-02-01,102837.067283809,102600,-237.067283808996
"744","Professional and Business Services",2019-01-01,102214.296186571,101600,-614.296186570995
"745","Professional and Business Services",2018-12-01,100798.722716618,101700,901.277283382005
"746","Professional and Business Services",2018-11-01,100845.482911674,102000,1154.517088326
"747","Professional and Business Services",2018-10-01,100456.909434252,101400,943.090565748003
"748","Professional and Business Services",2018-09-01,100946.267647769,100400,-546.267647768997
"749","Professional and Business Services",2018-08-01,100865.831616273,100400,-465.831616273004
"750","Professional and Business Services",2018-07-01,100435.8839956,100100,-335.883995600001
"751","Professional and Business Services",2018-06-01,99689.7003003829,99700,10.2996996170987
"752","Professional and Business Services",2018-05-01,99773.8769161947,99700,-73.8769161946984
"753","Professional and Business Services",2018-04-01,99465.9054733041,99300,-165.905473304098
"754","Professional and Business Services",2018-03-01,98670.6423539716,98100,-570.642353971605
"755","Professional and Business Services",2018-02-01,98627.3931157742,98400,-227.393115774204
"756","Professional and Business Services",2018-01-01,98793.7566510133,98200,-593.756651013304
"757","Professional and Business Services",2017-12-01,98519.0139003851,99400,880.986099614893
"758","Professional and Business Services",2017-11-01,98472.6666941953,99600,1127.3333058047
"759","Professional and Business Services",2017-10-01,98178.3028133075,99100,921.697186692501
"760","Professional and Business Services",2017-09-01,98030.5042218253,97500,-530.504221825293
"761","Professional and Business Services",2017-08-01,97952.3749181989,97500,-452.374918198897
"762","Professional and Business Services",2017-07-01,96924.1557988415,96600,-324.155798841501
"763","Professional and Business Services",2017-06-01,97089.9828699536,97100,10.017130046399
"764","Professional and Business Services",2017-05-01,97572.240555406,97500,-72.2405554059951
"765","Professional and Business Services",2017-04-01,96761.4001760737,96600,-161.400176073701
"766","Professional and Business Services",2017-03-01,96960.7275326728,96400,-560.727532672798
"767","Professional and Business Services",2017-02-01,96221.8563572636,96000,-221.856357263605
"768","Professional and Business Services",2017-01-01,96178.0612080223,95600,-578.061208022307
"769","Professional and Business Services",2016-12-01,96239.3064942417,97100,860.693505758303
"770","Professional and Business Services",2016-11-01,95210.0372127165,96300,1089.9627872835
"771","Professional and Business Services",2016-10-01,95107.1340136417,96000,892.865986358302
"772","Professional and Business Services",2016-09-01,97025.091701597,96500,-525.091701597004
"773","Professional and Business Services",2016-08-01,96445.4255460653,96000,-445.425546065293
"774","Professional and Business Services",2016-07-01,96322.1266646971,96000,-322.126664697105
"775","Professional and Business Services",2016-06-01,95290.1534886415,95300,9.84651135849708
"776","Professional and Business Services",2016-05-01,95070.4109711552,95000,-70.410971155201
"777","Professional and Business Services",2016-04-01,94758.065511357,94600,-158.065511356996
"778","Professional and Business Services",2016-03-01,94446.1749418771,93900,-546.174941877107
"779","Professional and Business Services",2016-02-01,94016.7778461492,93800,-216.777846149198
"780","Professional and Business Services",2016-01-01,92858.1332901475,92300,-558.133290147496
"781","Professional and Business Services",2015-12-01,93364.9635490666,94200,835.036450933403
"782","Professional and Business Services",2015-11-01,92441.7393709411,93500,1058.2606290589
"783","Professional and Business Services",2015-10-01,92135.0413655184,93000,864.958634481605
"784","Professional and Business Services",2015-09-01,91495.1948808681,91000,-495.194880868105
"785","Professional and Business Services",2015-08-01,91422.2418265829,91000,-422.241826582904
"786","Professional and Business Services",2015-07-01,91305.3388382478,91000,-305.338838247801
"787","Professional and Business Services",2015-06-01,91390.5279369908,91400,9.47206300920516
"788","Professional and Business Services",2015-05-01,90467.0185357166,90400,-67.0185357166047
"789","Professional and Business Services",2015-04-01,90350.7184660457,90200,-150.718466045699
"790","Professional and Business Services",2015-03-01,90020.5887660992,89500,-520.588766099201
"791","Professional and Business Services",2015-02-01,89706.8461047429,89500,-206.846104742901
"792","Professional and Business Services",2015-01-01,89739.3835059977,89200,-539.383505997699
"793","Retail Trade",2023-03-01,48129.4561979618,47700,-429.456197961801
"794","Retail Trade",2023-02-01,47491.0528974218,47000,-491.052897421803
"795","Retail Trade",2023-01-01,47701.3129282785,47800,98.6870717214988
"796","Retail Trade",2022-12-01,47511.8967749534,49500,1988.1032250466
"797","Retail Trade",2022-11-01,47536.8089305655,49100,1563.1910694345
"798","Retail Trade",2022-10-01,47504.1176697582,47800,295.882330241802
"799","Retail Trade",2022-09-01,47350.2936257633,46700,-650.293625763297
"800","Retail Trade",2022-08-01,47557.6924246241,47100,-457.692424624103
"801","Retail Trade",2022-07-01,47697.2000649288,47100,-597.200064928802
"802","Retail Trade",2022-06-01,47858.8663110052,47400,-458.8663110052
"803","Retail Trade",2022-05-01,47927.144324324,47500,-427.144324323999
"804","Retail Trade",2022-04-01,48222.7694927635,47700,-522.769492763502
"805","Retail Trade",2022-03-01,48461.359771106,48000,-461.359771105999
"806","Retail Trade",2022-02-01,48751.4173400381,48300,-451.417340038097
"807","Retail Trade",2022-01-01,48279.7285519604,48400,120.271448039603
"808","Retail Trade",2021-12-01,48279.5705903707,50300,2020.4294096293
"809","Retail Trade",2021-11-01,47695.5341181711,49300,1604.4658818289
"810","Retail Trade",2021-10-01,47565.0149550328,47900,334.985044967201
"811","Retail Trade",2021-09-01,47080.9617799026,46500,-580.961779902602
"812","Retail Trade",2021-08-01,46818.8078553066,46400,-418.807855306601
"813","Retail Trade",2021-07-01,46582.0474471457,46000,-582.047447145698
"814","Retail Trade",2021-06-01,46163.1985118585,45700,-463.1985118585
"815","Retail Trade",2021-05-01,45843.9005645243,45400,-443.900564524301
"816","Retail Trade",2021-04-01,45587.0920777696,45000,-587.092077769601
"817","Retail Trade",2021-03-01,45371.1296285574,44800,-571.129628557399
"818","Retail Trade",2021-02-01,45002.9043145926,44500,-502.904314592597
"819","Retail Trade",2021-01-01,44934.6690895927,45000,65.3309104072978
"820","Retail Trade",2020-12-01,43994.6258594402,46000,2005.3741405598
"821","Retail Trade",2020-11-01,43963.043040681,45600,1636.956959319
"822","Retail Trade",2020-10-01,44454.2118780633,44800,345.788121936697
"823","Retail Trade",2020-09-01,43993.3167570748,43500,-493.316757074797
"824","Retail Trade",2020-08-01,43559.0554645031,43200,-359.055464503101
"825","Retail Trade",2020-07-01,43247.2098777244,42700,-547.209877724403
"826","Retail Trade",2020-06-01,41640.1370810511,41200,-440.1370810511
"827","Retail Trade",2020-05-01,37534.9325881786,37100,-434.932588178599
"828","Retail Trade",2020-04-01,36925.3539829191,36300,-625.3539829191
"829","Retail Trade",2020-03-01,48370.3497841715,47700,-670.3497841715
"830","Retail Trade",2020-02-01,48975.4479896146,48400,-575.4479896146
"831","Retail Trade",2020-01-01,48801.6293778627,48800,-1.62937786270049
"832","Retail Trade",2019-12-01,49069.5576698427,51100,2030.4423301573
"833","Retail Trade",2019-11-01,49210.1885664453,50900,1689.8114335547
"834","Retail Trade",2019-10-01,48801.8443108643,49100,298.155689135703
"835","Retail Trade",2019-09-01,48940.2300971171,48500,-440.230097117099
"836","Retail Trade",2019-08-01,49105.9559774614,48800,-305.955977461403
"837","Retail Trade",2019-07-01,48892.9218192532,48400,-492.921819253199
"838","Retail Trade",2019-06-01,49005.6830849785,48600,-405.683084978496
"839","Retail Trade",2019-05-01,49011.7819052458,48600,-411.7819052458
"840","Retail Trade",2019-04-01,49195.5892916315,48600,-595.589291631499
"841","Retail Trade",2019-03-01,49102.2978292836,48400,-702.297829283598
"842","Retail Trade",2019-02-01,49047.3530757067,48400,-647.353075706698
"843","Retail Trade",2019-01-01,49282.2170377095,49200,-82.2170377095026
"844","Retail Trade",2018-12-01,49367.2510611942,51400,2032.7489388058
"845","Retail Trade",2018-11-01,49297.4753629365,51000,1702.5246370635
"846","Retail Trade",2018-10-01,49159.1830543595,49400,240.816945640501
"847","Retail Trade",2018-09-01,49403.3775546046,49000,-403.377554604602
"848","Retail Trade",2018-08-01,49268.0168642783,49000,-268.016864278303
"849","Retail Trade",2018-07-01,49740.4087816448,49300,-440.408781644801
"850","Retail Trade",2018-06-01,49466.1951964367,49100,-366.195196436704
"851","Retail Trade",2018-05-01,49592.1663738739,49200,-392.166373873901
"852","Retail Trade",2018-04-01,49564.6324333898,49000,-564.632433389801
"853","Retail Trade",2018-03-01,49513.827937317,48800,-713.827937317001
"854","Retail Trade",2018-02-01,49613.0342164634,48900,-713.034216463398
"855","Retail Trade",2018-01-01,49461.0048906823,49300,-161.004890682299
"856","Retail Trade",2017-12-01,49583.6319853919,51600,2016.3680146081
"857","Retail Trade",2017-11-01,49491.4133871132,51200,1708.5866128868
"858","Retail Trade",2017-10-01,49282.7881757021,49500,217.211824297898
"859","Retail Trade",2017-09-01,49363.6856365841,49000,-363.685636584101
"860","Retail Trade",2017-08-01,49115.5190342548,48900,-215.519034254801
"861","Retail Trade",2017-07-01,49008.0450675645,48600,-408.045067564497
"862","Retail Trade",2017-06-01,49128.8385392523,48800,-328.838539252298
"863","Retail Trade",2017-05-01,49283.7910207657,48900,-383.791020765697
"864","Retail Trade",2017-04-01,49453.9004976441,48900,-553.900497644099
"865","Retail Trade",2017-03-01,49228.3877126015,48500,-728.3877126015
"866","Retail Trade",2017-02-01,49292.5253883187,48500,-792.525388318703
"867","Retail Trade",2017-01-01,49245.2781956484,49000,-245.278195648403
"868","Retail Trade",2016-12-01,49323.8404803313,51300,1976.1595196687
"869","Retail Trade",2016-11-01,49192.1535610161,50900,1707.8464389839
"870","Retail Trade",2016-10-01,49393.0415600946,49600,206.9584399054
"871","Retail Trade",2016-09-01,49423.2540545996,49100,-323.254054599602
"872","Retail Trade",2016-08-01,49734.604097703,49600,-134.604097702999
"873","Retail Trade",2016-07-01,49855.5930703194,49500,-355.593070319403
"874","Retail Trade",2016-06-01,49565.7649064771,49300,-265.764906477103
"875","Retail Trade",2016-05-01,49478.1625391914,49100,-378.162539191399
"876","Retail Trade",2016-04-01,49462.5096238922,48900,-562.509623892198
"877","Retail Trade",2016-03-01,49540.2213775152,48800,-740.221377515198
"878","Retail Trade",2016-02-01,49267.622909875,48400,-867.622909874997
"879","Retail Trade",2016-01-01,49108.6463480629,48800,-308.646348062903
"880","Retail Trade",2015-12-01,49358.3547247688,51300,1941.6452752312
"881","Retail Trade",2015-11-01,49782.4144652473,51500,1717.5855347527
"882","Retail Trade",2015-10-01,49697.3908583301,49900,202.609141669898
"883","Retail Trade",2015-09-01,49999.2927307333,49700,-299.292730733301
"884","Retail Trade",2015-08-01,50099.8390365685,50000,-99.8390365684972
"885","Retail Trade",2015-07-01,49949.4018885844,49600,-349.401888584398
"886","Retail Trade",2015-06-01,50328.0926436856,50100,-228.092643685603
"887","Retail Trade",2015-05-01,50173.841237092,49800,-373.841237091998
"888","Retail Trade",2015-04-01,50171.9866480888,49600,-571.986648088801
"889","Retail Trade",2015-03-01,50246.3872251194,49500,-746.387225119397
"890","Retail Trade",2015-02-01,50196.7566847461,49300,-896.756684746098
"891","Retail Trade",2015-01-01,50506.5844942683,50200,-306.584494268303
"892","Transportation and Utilities",2023-03-01,27542.0702142048,27400,-142.070214204799
"893","Transportation and Utilities",2023-02-01,27567.6546418905,27500,-67.6546418905018
"894","Transportation and Utilities",2023-01-01,27819.5066712128,28200,380.493328787201
"895","Transportation and Utilities",2022-12-01,27862.4158156853,29400,1537.5841843147
"896","Transportation and Utilities",2022-11-01,27742.0044524491,28800,1057.9955475509
"897","Transportation and Utilities",2022-10-01,27534.2235763828,27800,265.776423617201
"898","Transportation and Utilities",2022-09-01,27359.8130732683,27000,-359.813073268298
"899","Transportation and Utilities",2022-08-01,27566.0690781579,26700,-866.0690781579
"900","Transportation and Utilities",2022-07-01,27857.1534453623,27200,-657.153445362299
"901","Transportation and Utilities",2022-06-01,27553.6088182251,27200,-353.608818225101
"902","Transportation and Utilities",2022-05-01,27900.1804446662,27500,-400.180444666199
"903","Transportation and Utilities",2022-04-01,27870.2443517445,27400,-470.244351744499
"904","Transportation and Utilities",2022-03-01,27922.8576304548,27800,-122.857630454801
"905","Transportation and Utilities",2022-02-01,27861.070046308,27800,-61.0700463079993
"906","Transportation and Utilities",2022-01-01,27470.4541042533,27800,329.545895746702
"907","Transportation and Utilities",2021-12-01,27452.0073099451,28900,1447.9926900549
"908","Transportation and Utilities",2021-11-01,27481.8127818432,28500,1018.1872181568
"909","Transportation and Utilities",2021-10-01,27281.760985504,27600,318.239014496001
"910","Transportation and Utilities",2021-09-01,27466.5316415167,27200,-266.5316415167
"911","Transportation and Utilities",2021-08-01,27535.2239342991,26700,-835.223934299102
"912","Transportation and Utilities",2021-07-01,27272.4940898848,26600,-672.4940898848
"913","Transportation and Utilities",2021-06-01,27415.7017584858,27100,-315.7017584858
"914","Transportation and Utilities",2021-05-01,27228.0829910358,26800,-428.082991035801
"915","Transportation and Utilities",2021-04-01,27401.8274461664,26900,-501.8274461664
"916","Transportation and Utilities",2021-03-01,27789.3642711177,27600,-189.364271117702
"917","Transportation and Utilities",2021-02-01,28030.658030169,27900,-130.658030169001
"918","Transportation and Utilities",2021-01-01,28116.7323246993,28400,283.2676753007
"919","Transportation and Utilities",2020-12-01,28833.3203231483,30300,1466.6796768517
"920","Transportation and Utilities",2020-11-01,27679.4458789923,28700,1020.5541210077
"921","Transportation and Utilities",2020-10-01,27553.172121473,28000,446.827878527001
"922","Transportation and Utilities",2020-09-01,27111.1730117971,27000,-111.173011797098
"923","Transportation and Utilities",2020-08-01,26848.113903276,26100,-748.113903276
"924","Transportation and Utilities",2020-07-01,26605.2247271273,26000,-605.224727127301
"925","Transportation and Utilities",2020-06-01,26597.6925542866,26400,-197.692554286601
"926","Transportation and Utilities",2020-05-01,26040.3635782444,25700,-340.3635782444
"927","Transportation and Utilities",2020-04-01,25848.4202994079,25400,-448.420299407899
"928","Transportation and Utilities",2020-03-01,31352.8838325594,31000,-352.883832559401
"929","Transportation and Utilities",2020-02-01,30748.8213771762,30400,-348.821377176198
"930","Transportation and Utilities",2020-01-01,30496.9387672771,30600,103.061232722899
"931","Transportation and Utilities",2019-12-01,30644.93834834,32000,1355.06165166
"932","Transportation and Utilities",2019-11-01,30391.2001450838,31400,1008.7998549162
"933","Transportation and Utilities",2019-10-01,30359.8097838027,30900,540.190216197301
"934","Transportation and Utilities",2019-09-01,29964.9267300279,30000,35.0732699721011
"935","Transportation and Utilities",2019-08-01,29955.9856554846,29200,-755.985655484601
"936","Transportation and Utilities",2019-07-01,29897.956449552,29300,-597.956449551999
"937","Transportation and Utilities",2019-06-01,29508.777970641,29400,-108.777970641
"938","Transportation and Utilities",2019-05-01,29642.7274838228,29400,-242.7274838228
"939","Transportation and Utilities",2019-04-01,29427.3386799006,29000,-427.3386799006
"940","Transportation and Utilities",2019-03-01,28597.4845186782,28200,-397.4845186782
"941","Transportation and Utilities",2019-02-01,28512.7972619439,28100,-412.797261943899
"942","Transportation and Utilities",2019-01-01,28623.0019449527,28600,-23.001944952699
"943","Transportation and Utilities",2018-12-01,27911.5412687588,29000,1088.4587312412
"944","Transportation and Utilities",2018-11-01,28170.6535604246,29000,829.346439575402
"945","Transportation and Utilities",2018-10-01,27993.5736342911,28500,506.4263657089
"946","Transportation and Utilities",2018-09-01,27915.5151111618,28100,184.4848888382
"947","Transportation and Utilities",2018-08-01,27652.2928105382,27000,-652.292810538202
"948","Transportation and Utilities",2018-07-01,27529.0680672538,27000,-529.0680672538
"949","Transportation and Utilities",2018-06-01,27447.8701218628,27400,-47.8701218628012
"950","Transportation and Utilities",2018-05-01,27167.3798769942,27000,-167.3798769942
"951","Transportation and Utilities",2018-04-01,27088.4984482683,26700,-388.498448268299
"952","Transportation and Utilities",2018-03-01,26994.030789008,26600,-394.030789008
"953","Transportation and Utilities",2018-02-01,26915.1285147376,26500,-415.1285147376
"954","Transportation and Utilities",2018-01-01,26820.6189316217,26700,-120.618931621699
"955","Transportation and Utilities",2017-12-01,27010.5911343071,28000,989.408865692902
"956","Transportation and Utilities",2017-11-01,27001.8092646103,27700,698.1907353897
"957","Transportation and Utilities",2017-10-01,27129.9365404467,27600,470.063459553301
"958","Transportation and Utilities",2017-09-01,27309.3107787902,27600,290.689221209799
"959","Transportation and Utilities",2017-08-01,27215.1873165561,26600,-615.187316556101
"960","Transportation and Utilities",2017-07-01,27120.8605794933,26600,-520.860579493299
"961","Transportation and Utilities",2017-06-01,27100.2726776147,27100,-0.272677614699205
"962","Transportation and Utilities",2017-05-01,27208.0010111916,27100,-108.001011191602
"963","Transportation and Utilities",2017-04-01,26951.7427775691,26600,-351.742777569099
"964","Transportation and Utilities",2017-03-01,27372.6381704137,27000,-372.638170413698
"965","Transportation and Utilities",2017-02-01,27289.7099873017,26900,-389.7099873017
"966","Transportation and Utilities",2017-01-01,27274.8766645267,27100,-174.876664526699
"967","Transportation and Utilities",2016-12-01,27531.3886038189,28500,968.611396181099
"968","Transportation and Utilities",2016-11-01,27291.1117048226,27900,608.888295177399
"969","Transportation and Utilities",2016-10-01,27273.0442297741,27700,426.955770225901
"970","Transportation and Utilities",2016-09-01,27481.5716941922,27800,318.4283058078
"971","Transportation and Utilities",2016-08-01,27326.9064141119,26700,-626.906414111902
"972","Transportation and Utilities",2016-07-01,27330.6457190705,26800,-530.6457190705
"973","Transportation and Utilities",2016-06-01,27351.0146955231,27400,48.9853044769006
"974","Transportation and Utilities",2016-05-01,27342.3173191075,27300,-42.3173191075002
"975","Transportation and Utilities",2016-04-01,27262.9419707665,27000,-262.9419707665
"976","Transportation and Utilities",2016-03-01,27047.4384895791,26700,-347.438489579101
"977","Transportation and Utilities",2016-02-01,27159.6368146413,26800,-359.636814641301
"978","Transportation and Utilities",2016-01-01,27011.1084047438,26800,-211.108404743802
"979","Transportation and Utilities",2015-12-01,26732.2219285785,27600,867.7780714215
"980","Transportation and Utilities",2015-11-01,26678.6937752451,27200,521.306224754899
"981","Transportation and Utilities",2015-10-01,26712.3580172322,27100,387.6419827678
"982","Transportation and Utilities",2015-09-01,26603.7551281555,26900,296.244871844501
"983","Transportation and Utilities",2015-08-01,26522.9483883316,25900,-622.948388331599
"984","Transportation and Utilities",2015-07-01,26420.5965804739,25900,-520.596580473899
"985","Transportation and Utilities",2015-06-01,26425.0823117194,26500,74.9176882805987
"986","Transportation and Utilities",2015-05-01,26309.3113509509,26300,-9.31135095089849
"987","Transportation and Utilities",2015-04-01,26375.9251502198,26200,-175.925150219799
"988","Transportation and Utilities",2015-03-01,26113.5585538833,25800,-313.5585538833
"989","Transportation and Utilities",2015-02-01,25935.7843360626,25600,-335.784336062599
"990","Transportation and Utilities",2015-01-01,25729.9560765711,25500,-229.956076571099
"991","Wholesale Trade",2023-03-01,15064.8675790931,15000,-64.8675790930993
"992","Wholesale Trade",2023-02-01,15093.1247755197,15100,6.87522448029995
"993","Wholesale Trade",2023-01-01,15033.201903182,15000,-33.201903182
"994","Wholesale Trade",2022-12-01,15022.6128903817,15100,77.3871096182993
"995","Wholesale Trade",2022-11-01,15011.7362332299,15100,88.2637667701001
"996","Wholesale Trade",2022-10-01,14916.8560260037,14900,-16.8560260036993
"997","Wholesale Trade",2022-09-01,14890.8493844554,14900,9.15061554460044
"998","Wholesale Trade",2022-08-01,14905.81954709,15100,194.180452910001
"999","Wholesale Trade",2022-07-01,14806.0977387864,14900,93.9022612135996
"1000","Wholesale Trade",2022-06-01,14719.1071920919,14700,-19.1071920919003
"1001","Wholesale Trade",2022-05-01,14665.9434664961,14600,-65.9434664961009
"1002","Wholesale Trade",2022-04-01,14584.7619898901,14500,-84.7619898900994
"1003","Wholesale Trade",2022-03-01,14534.1263715643,14500,-34.1263715642999
"1004","Wholesale Trade",2022-02-01,14433.5576272782,14400,-33.5576272782
"1005","Wholesale Trade",2022-01-01,14365.0260329051,14300,-65.0260329050998
"1006","Wholesale Trade",2021-12-01,14341.9495423584,14400,58.0504576416006
"1007","Wholesale Trade",2021-11-01,14235.8507486681,14300,64.1492513319008
"1008","Wholesale Trade",2021-10-01,14207.0561993737,14200,-7.0561993736992
"1009","Wholesale Trade",2021-09-01,14166.876271036,14100,-66.8762710360006
"1010","Wholesale Trade",2021-08-01,14136.9807700588,14200,63.0192299411992
"1011","Wholesale Trade",2021-07-01,14103.4006044118,14100,-3.40060441179958
"1012","Wholesale Trade",2021-06-01,14078.1925012712,14000,-78.1925012711999
"1013","Wholesale Trade",2021-05-01,14031.7089611088,13900,-131.708961108799
"1014","Wholesale Trade",2021-04-01,14009.0660994715,13900,-109.0660994715
"1015","Wholesale Trade",2021-03-01,14012.044798612,14000,-12.0447986119998
"1016","Wholesale Trade",2021-02-01,13990.8743111308,14000,9.12568886920053
"1017","Wholesale Trade",2021-01-01,13977.0996210001,14000,22.9003789999006
"1018","Wholesale Trade",2020-12-01,13938.7503296342,14100,161.2496703658
"1019","Wholesale Trade",2020-11-01,13971.2906255051,14200,228.7093744949
"1020","Wholesale Trade",2020-10-01,13929.7039537887,14100,170.296046211301
"1021","Wholesale Trade",2020-09-01,13812.9052275967,13800,-12.9052275967006
"1022","Wholesale Trade",2020-08-01,13770.5547421149,13800,29.4452578850996
"1023","Wholesale Trade",2020-07-01,13732.8225538816,13700,-32.8225538816005
"1024","Wholesale Trade",2020-06-01,13706.8875335696,13600,-106.887533569599
"1025","Wholesale Trade",2020-05-01,13166.5257499847,13000,-166.525749984699
"1026","Wholesale Trade",2020-04-01,12516.7775409946,12400,-116.777540994601
"1027","Wholesale Trade",2020-03-01,14575.1737493375,14500,-75.1737493375003
"1028","Wholesale Trade",2020-02-01,14557.4825865767,14500,-57.4825865766998
"1029","Wholesale Trade",2020-01-01,14562.899270513,14500,-62.8992705130004
"1030","Wholesale Trade",2019-12-01,14921.1347026606,15000,78.8652973394001
"1031","Wholesale Trade",2019-11-01,14937.0109438251,15000,62.9890561748998
"1032","Wholesale Trade",2019-10-01,14936.7725139793,15000,63.2274860206999
"1033","Wholesale Trade",2019-09-01,14966.4931260626,15000,33.5068739374001
"1034","Wholesale Trade",2019-08-01,15037.1655537184,15200,162.8344462816
"1035","Wholesale Trade",2019-07-01,15081.8134063521,15200,118.186593647901
"1036","Wholesale Trade",2019-06-01,15082.1715574606,15100,17.8284425393995
"1037","Wholesale Trade",2019-05-01,15096.1132701747,15000,-96.1132701746992
"1038","Wholesale Trade",2019-04-01,15173.8626932265,15100,-73.8626932264997
"1039","Wholesale Trade",2019-03-01,15245.994188666,15100,-145.994188666
"1040","Wholesale Trade",2019-02-01,15330.9429191606,15200,-130.9429191606
"1041","Wholesale Trade",2019-01-01,15363.1655841621,15200,-163.1655841621
"1042","Wholesale Trade",2018-12-01,15495.0568585475,15500,4.94314145250064
"1043","Wholesale Trade",2018-11-01,15499.4242109605,15400,-99.4242109605002
"1044","Wholesale Trade",2018-10-01,15610.66983026,15600,-10.6698302599998
"1045","Wholesale Trade",2018-09-01,15724.2999924536,15800,75.7000075464002
"1046","Wholesale Trade",2018-08-01,15795.249346988,16000,204.750653012001
"1047","Wholesale Trade",2018-07-01,15820.5501735833,16000,179.4498264167
"1048","Wholesale Trade",2018-06-01,15922.2099587044,16100,177.790041295602
"1049","Wholesale Trade",2018-05-01,15985.6021095257,16100,114.397890474302
"1050","Wholesale Trade",2018-04-01,16030.2939817547,16100,69.7060182453024
"1051","Wholesale Trade",2018-03-01,15931.5702604104,15800,-131.570260410401
"1052","Wholesale Trade",2018-02-01,15976.1152832143,15800,-176.1152832143
"1053","Wholesale Trade",2018-01-01,15965.1256806504,15800,-165.125680650401
"1054","Wholesale Trade",2017-12-01,15998.7295879181,16000,1.27041208189985
"1055","Wholesale Trade",2017-11-01,15966.9605644305,15900,-66.9605644304993
"1056","Wholesale Trade",2017-10-01,15982.4124117105,16000,17.5875882894998
"1057","Wholesale Trade",2017-09-01,15958.7862310507,16000,41.2137689492993
"1058","Wholesale Trade",2017-08-01,15949.9139063092,16100,150.086093690801
"1059","Wholesale Trade",2017-07-01,15934.8656038792,16100,165.134396120802
"1060","Wholesale Trade",2017-06-01,15886.733615038,16000,113.266384962
"1061","Wholesale Trade",2017-05-01,15810.279052991,15800,-10.2790529909998
"1062","Wholesale Trade",2017-04-01,15779.0697941084,15700,-79.0697941083999
"1063","Wholesale Trade",2017-03-01,15819.0209693501,15700,-119.0209693501
"1064","Wholesale Trade",2017-02-01,15782.9128731395,15600,-182.912873139499
"1065","Wholesale Trade",2017-01-01,15803.1180711218,15700,-103.1180711218
"1066","Wholesale Trade",2016-12-01,15782.683829249,15800,17.3161707510008
"1067","Wholesale Trade",2016-11-01,15799.9740743995,15800,0.0259256004992494
"1068","Wholesale Trade",2016-10-01,15768.9922174513,15800,31.0077825487006
"1069","Wholesale Trade",2016-09-01,15746.559545437,15700,-46.5595454369995
"1070","Wholesale Trade",2016-08-01,15749.5173614187,15800,50.4826385812994
"1071","Wholesale Trade",2016-07-01,15795.6820050499,15900,104.317994950099
"1072","Wholesale Trade",2016-06-01,15803.6817762729,15900,96.3182237270994
"1073","Wholesale Trade",2016-05-01,15843.8732525611,15900,56.1267474389006
"1074","Wholesale Trade",2016-04-01,15822.144703617,15800,-22.1447036169993
"1075","Wholesale Trade",2016-03-01,15836.095776136,15800,-36.0957761360005
"1076","Wholesale Trade",2016-02-01,15760.8722032307,15600,-160.8722032307
"1077","Wholesale Trade",2016-01-01,15789.9483715009,15700,-89.9483715008992
"1078","Wholesale Trade",2015-12-01,15794.7498185763,15800,5.25018142370027
"1079","Wholesale Trade",2015-11-01,15773.676061185,15800,26.3239388149996
"1080","Wholesale Trade",2015-10-01,15799.6626404649,15900,100.3373595351
"1081","Wholesale Trade",2015-09-01,15755.7647912478,15800,44.2352087521995
"1082","Wholesale Trade",2015-08-01,15773.0357087773,15900,126.964291222699
"1083","Wholesale Trade",2015-07-01,15710.2550131431,15800,89.7449868569001
"1084","Wholesale Trade",2015-06-01,15676.1945962041,15700,23.8054037958991
"1085","Wholesale Trade",2015-05-01,15634.9992562797,15600,-34.9992562796997
"1086","Wholesale Trade",2015-04-01,15605.0316017927,15500,-105.0316017927
"1087","Wholesale Trade",2015-03-01,15584.2519352214,15500,-84.2519352214003
"1088","Wholesale Trade",2015-02-01,15600.2329620142,15500,-100.232962014201
"1089","Wholesale Trade",2015-01-01,15562.9817595846,15500,-62.9817595845998
